x,y,z,val
-2.092,-5.89,17.679,1
-3.909,-8.136,16.262,1
-2.992,-9.824,12.364,1
15.352,-4.345,4.944,1
28.552,3.155,5.344,1
33.786,14.25,10.537,1
38.675,15.406,19.949,1
33.508,12.138,23.359,1
29.938,9.265,17.639,1
21.73,2.525,7.927,1
-12.136,-12.019,-20.197,1
-25.982,-17.861,-25.062,1
-31.142,-19.961,-18.449,1
-26.861,-19.623,-12.983,1
-8.501,-15.776,-9.002,1
18.8,-5.255,-2.41,1
56.306,16.118,20.411,1
78.358,33.763,43.492,1
62.91,29.609,38.093,1
33.64,15.047,14.993,1
17.818,3.641,-0.519,1
-11.98,-19.089,-11.018,1
-30.692,-27.467,-13.256,1
-45.261,-31.245,-15.445,1
-41.976,-32.129,-11.765,1
-18.995,-29.289,-13.754,1
14.332,-20.39,-17.19,1
65.843,6.243,8.646,1
78.358,35.686,27.884,1
78.358,42.886,38.277,1
56.893,28.096,19.714,1
31.274,8.037,-3.363,1
15.141,-9.261,-13.831,1
-3.009,-28.568,-17.789,1
-33.869,-41.222,-16.316,1
-52.858,-46.016,-16.668,1
-55.987,-45.573,-5.329,1
-26.765,-41.998,-10.895,1
9.074,-29.047,-18.186,1
56.062,-5.842,4.817,1
78.358,28.307,34.183,1
78.358,43.635,44.033,1
59.891,34.987,24.505,1
34.906,16.529,1.726,1
21.005,0.959,-5.724,1
8.358,-14.67,-11.449,1
-10.702,-28.075,-19.036,1
-41.813,-39.731,-26.621,1
-55.635,-41.862,-21.993,1
-39.955,-39.082,-14.441,1
-2.889,-29.198,-14.303,1
44.909,-7.166,1.094,1
78.3,23.942,27.857,1
78.358,43.118,39.123,1
74.637,38.506,35.538,1
45.051,19.702,14.847,1
31.032,3.615,0.378,1
17.576,-12.496,-7.005,1
2.631,-28.372,-9.042,1
-21.883,-40.806,-7.045,1
-46.147,-45.563,-15.272,1
-53.658,-46.097,-19.58,1
-29.988,-39.783,-17.779,1
1.319,-29.73,-12.909,1
48.929,-2.863,1.918,1
78.358,28.091,23.066,1
78.358,52.671,46.617,1
71.407,42.582,43.224,1
40.87,18.617,16.985,1
23.902,-1.343,-2.688,1
13.202,-18.11,-11.473,1
-3.097,-33.295,-16.421,1
-32.485,-47.129,-22.302,1
-55.386,-48.41,-18.543,1
-44.272,-43.511,-14.377,1
-14.834,-35.16,-16.0,1
19.267,-21.704,-8.516,1
63.59,12.971,20.184,1
78.358,39.79,43.023,1
78.358,50.399,54.348,1
55.167,33.388,38.368,1
30.335,10.917,10.386,1
19.437,-5.363,-5.609,1
7.604,-20.32,-12.907,1
-14.063,-34.739,-14.832,1
-34.156,-40.296,-18.109,1
-40.671,-38.893,-20.513,1
-34.455,-36.264,-23.202,1
-13.024,-30.146,-21.706,1
29.351,-16.274,-13.295,1
78.101,29.13,44.649,1
71.378,40.872,44.632,1
78.358,49.36,54.822,1
49.131,26.205,38.965,1
27.077,4.445,14.792,1
17.655,-12.429,-6.892,1
-0.533,-29.732,-18.265,1
-28.314,-42.161,-21.995,1
-51.268,-47.56,-25.113,1
-48.019,-45.7,-24.213,1
-23.561,-38.749,-21.897,1
3.56,-28.312,-11.405,1
40.614,-12.211,15.852,1
78.358,24.849,36.537,1
78.358,51.857,50.953,1
65.84,35.207,40.497,1
36.886,15.976,9.302,1
24.62,0.126,-8.906,1
11.483,-17.315,-18.459,1
-8.511,-31.348,-20.87,1
-37.185,-40.787,-20.995,1
-53.282,-41.636,-19.723,1
-38.241,-37.719,-16.647,1
-8.975,-29.366,-15.732,1
25.782,-16.166,-11.566,1
67.083,18.84,16.978,1
78.358,40.262,29.076,1
78.358,45.321,32.692,1
52.641,26.408,18.048,1
31.006,8.02,-0.423,1
20.742,-5.5,-10.644,1
6.579,-21.776,-18.66,1
-21.201,-38.052,-24.924,1
-54.857,-43.281,-15.746,1
-53.418,-40.822,-4.105,1
-23.798,-36.367,-6.799,1
9.622,-26.519,-16.163,1
51.29,0.325,-5.417,1
74.402,24.028,15.955,1
78.358,42.601,31.466,1
73.88,35.346,28.346,1
37.741,14.602,9.886,1
23.133,-1.192,1.817,1
0.613,-19.916,-4.16,1
-32.226,-32.787,-3.198,1
-55.408,-41.629,-10.038,1
-53.351,-41.795,-3.624,1
-30.256,-39.0,-7.886,1
2.267,-28.691,-11.389,1
40.674,-10.556,0.445,1
78.358,25.247,27.668,1
78.358,42.028,30.518,1
74.445,33.548,26.375,1
55.274,17.056,11.67,1
36.649,-3.646,-2.726,1
16.932,-19.08,-13.163,1
-8.346,-33.034,-21.191,1
-35.964,-36.941,-29.209,1
-47.112,-36.599,-14.757,1
-39.615,-33.388,-2.049,1
-14.511,-27.934,-6.619,1
13.798,-14.909,-9.018,1
41.897,6.844,11.483,1
72.281,29.7,39.266,1
75.334,38.734,41.828,1
59.622,27.567,27.877,1
42.51,9.813,14.289,1
26.742,-8.674,6.508,1
9.199,-23.883,-5.889,1
-12.098,-35.292,-18.023,1
-36.644,-42.522,-29.964,1
-43.57,-39.654,-23.999,1
-35.435,-36.419,-14.923,1
-17.973,-30.833,-10.237,1
6.785,-23.636,-3.052,1
37.353,-5.737,20.945,1
69.037,16.292,46.044,1
75.226,27.536,58.765,1
66.362,24.679,40.949,1
51.649,12.335,9.819,1
37.657,-1.046,-5.666,1
21.07,-15.819,-13.948,1
-3.14,-29.327,-20.391,1
-30.823,-34.676,-27.426,1
-39.28,-32.694,-20.228,1
-34.326,-32.703,-9.536,1
-16.683,-29.462,-8.616,1
8.291,-23.33,-3.847,1
59.558,0.638,19.346,1
78.358,25.984,43.758,1
78.358,31.221,34.214,1
63.396,21.258,17.94,1
44.335,3.169,-3.696,1
27.096,-13.963,-19.807,1
4.144,-30.726,-25.644,1
-30.414,-45.877,-16.599,1
-59.114,-50.002,-2.626,1
-50.94,-46.03,-10.153,1
-21.33,-37.784,-17.918,1
10.568,-28.437,-7.206,1
52.126,-7.767,15.577,1
78.358,24.909,23.102,1
78.358,40.199,25.312,1
68.01,23.585,12.5,1
42.017,6.342,-19.941,1
24.163,-10.609,-37.664,1
0.141,-30.855,-34.965,1
-29.293,-44.232,-23.382,1
-54.96,-48.082,-11.971,1
-43.475,-43.748,-10.735,1
-13.632,-38.632,-10.11,1
26.165,-30.082,-14.731,1
66.729,-11.933,-5.379,1
78.358,19.771,2.227,1
78.358,27.356,13.398,1
71.874,14.884,25.365,1
35.907,-1.934,11.928,1
14.638,-11.516,-1.347,1
-6.337,-22.015,-3.677,1
-42.481,-37.47,-4.318,1
-71.5,-42.807,-5.592,1
-54.675,-38.318,4.003,1
-20.846,-32.816,4.465,1
17.339,-25.734,12.426,1
54.429,-10.401,32.842,1
78.358,14.231,41.469,1
73.914,20.341,23.914,1
56.498,15.236,12.002,1
40.351,3.665,11.775,1
28.396,-11.14,12.922,1
14.718,-24.853,2.148,1
-10.692,-33.132,-12.433,1
-34.479,-37.76,-18.703,1
-39.151,-35.354,-8.513,1
-21.181,-31.154,-3.097,1
5.188,-24.896,-1.347,1
43.289,-12.915,8.569,1
78.358,9.184,15.764,1
78.358,18.117,12.522,1
59.826,6.186,-3.986,1
31.116,-6.005,-14.477,1
14.325,-11.811,-16.156,1
-1.704,-20.718,-27.086,1
-23.272,-29.193,-27.105,1
-47.978,-35.526,-18.821,1
-44.662,-34.676,-8.791,1
-19.391,-30.798,-9.351,1
11.059,-23.849,-8.817,1
49.724,-9.352,5.119,1
78.358,14.712,14.141,1
78.358,27.821,15.189,1
59.955,19.489,5.591,1
35.407,8.983,-7.476,1
22.693,-0.756,-8.144,1
7.116,-13.053,-7.067,1
-15.306,-30.994,-11.056,1
-51.524,-45.192,-14.425,1
-57.814,-45.439,-4.553,1
-30.797,-40.724,-0.303,1
5.71,-33.403,-6.131,1
43.602,-17.303,-4.381,1
74.158,6.82,0.309,1
78.358,24.739,6.733,1
77.565,24.093,-0.174,1
52.198,8.473,-7.462,1
34.114,-4.616,-14.769,1
22.43,-17.418,-16.048,1
1.441,-33.429,-10.915,1
-40.63,-49.073,2.61,1
-74.399,-47.637,8.899,1
-41.892,-38.299,3.144,1
12.067,-24.426,-16.283,1
49.739,1.927,-8.2,1
76.67,23.422,0.349,1
78.358,33.036,-13.929,1
72.523,22.199,-10.33,1
51.549,5.664,-2.247,1
37.954,-4.535,-0.44,1
29.983,-10.925,0.021,1
17.895,-16.927,1.798,1
3.155,-20.715,3.529,1
-9.914,-23.385,2.449,1
-21.885,-27.113,3.558,1
-28.374,-28.212,0.831,1
-24.069,-33.036,-2.003,1
-19.91,-40.315,-11.446,1
-11.248,-40.813,-11.204,1
-4.239,-38.555,0.11,1
-3.088,-37.834,5.727,1
1.496,-37.858,8.248,1
10.571,-38.622,14.373,1
20.636,-40.688,23.67,1
34.415,-40.054,27.685,1
48.594,-32.1,23.155,1
53.783,-23.43,17.828,1
52.396,-15.781,11.162,1
48.941,-10.324,8.052,1
50.316,-5.047,5.409,1
54.513,3.627,4.255,1
52.633,9.584,5.042,1
55.452,14.365,9.838,1
62.721,19.891,9.362,1
63.338,17.523,1.556,1
59.814,7.577,4.623,1
57.345,-3.261,7.377,1
55.473,-11.035,6.29,1
52.861,-20.416,9.017,1
49.796,-29.387,11.555,1
45.391,-34.437,11.248,1
39.36,-37.164,12.218,1
34.068,-37.837,12.989,1
26.543,-37.085,14.064,1
20.131,-36.371,14.648,1
15.34,-33.915,12.955,1
9.785,-30.632,11.679,1
5.454,-29.304,11.557,1
-2.125,-31.128,9.496,1
-10.726,-35.385,1.753,1
-20.789,-39.541,-7.081,1
-29.772,-42.843,-4.361,1
-37.702,-46.092,-1.409,1
-43.532,-47.409,-8.286,1
-36.962,-46.236,-9.191,1
-22.723,-44.598,-7.998,1
-8.334,-45.51,-7.273,1
9.103,-45.795,-1.649,1
21.24,-47.507,6.196,1
28.834,-50.347,15.958,1
42.659,-49.765,18.211,1
49.456,-48.503,19.121,1
52.882,-46.842,18.17,1
60.128,-41.811,11.035,1
67.619,-29.356,2.14,1
64.713,-18.41,-4.618,1
60.487,-11.993,-9.488,1
55.135,-7.283,-10.467,1
52.916,-2.902,-5.195,1
51.968,2.03,-4.39,1
50.826,4.175,-5.8,1
50.005,2.329,-2.271,1
43.667,-5.399,4.025,1
36.292,-13.032,13.398,1
30.062,-15.271,21.764,1
26.979,-13.968,26.241,1
25.841,-13.396,31.49,1
27.18,-12.685,27.149,1
26.806,-15.012,22.207,1
25.049,-21.733,21.666,1
26.172,-26.545,25.224,1
33.357,-27.946,19.43,1
36.623,-31.557,10.693,1
34.049,-36.541,9.62,1
29.392,-40.71,9.857,1
25.844,-41.459,6.522,1
22.485,-40.26,0.845,1
17.054,-40.198,0.237,1
7.889,-40.26,-1.206,1
0.218,-38.431,-6.99,1
-5.86,-35.282,-12.662,1
-6.229,-30.529,-12.811,1
-4.029,-26.411,-14.192,1
-0.528,-23.042,-15.296,1
1.58,-23.842,-14.841,1
6.062,-25.166,-15.109,1
13.721,-26.057,-14.073,1
17.294,-28.296,-12.033,1
17.461,-34.286,-11.511,1
22.341,-39.405,-15.354,1
30.757,-41.869,-12.423,1
38.929,-43.614,-4.711,1
45.776,-41.421,-7.668,1
50.428,-38.967,-10.955,1
48.582,-40.578,-6.784,1
48.611,-40.384,0.95,1
52.023,-36.264,5.459,1
53.433,-35.328,3.745,1
49.688,-40.442,2.744,1
42.376,-46.178,12.879,1
31.676,-45.781,29.332,1
20.83,-40.576,31.399,1
10.848,-37.118,31.466,1
3.493,-32.553,31.023,1
3.416,-27.742,29.208,1
4.858,-25.609,25.082,1
7.568,-24.134,22.157,1
10.901,-23.277,18.944,1
10.202,-26.114,17.538,1
5.571,-30.46,15.723,1
-0.15,-31.698,9.991,1
-4.793,-30.357,0.879,1
-10.654,-28.432,-6.471,1
-16.999,-29.122,-4.496,1
-20.37,-32.138,-6.387,1
-12.859,-34.181,-14.645,1
4.638,-37.918,-17.532,1
20.114,-42.791,-10.216,1
30.185,-45.036,-12.186,1
40.497,-48.853,-23.559,1
48.587,-54.274,-18.871,1
52.691,-56.855,-7.496,1
60.219,-56.392,-8.034,1
64.308,-49.231,-0.349,1
61.341,-41.61,7.279,1
54.944,-32.751,9.656,1
53.266,-22.473,10.19,1
51.628,-16.063,5.971,1
55.602,-15.51,1.618,1
57.52,-25.437,-4.306,1
44.158,-44.38,-0.614,1
21.079,-51.879,14.028,1
3.249,-47.304,27.505,1
0.955,-37.913,27.371,1
4.772,-31.626,20.835,1
5.689,-30.189,18.12,1
2.334,-32.131,16.856,1
-1.898,-32.979,12.125,1
-2.657,-31.212,7.717,1
1.561,-29.124,6.615,1
5.856,-26.916,5.835,1
2.945,-27.836,-3.253,1
-6.088,-29.878,-13.747,1
-7.168,-33.924,-15.849,1
12.33,-35.361,-11.362,1
33.841,-30.462,-17.568,1
28.928,-36.357,-21.294,1
38.45,-38.196,-21.531,1
48.803,-37.571,-25.247,1
54.932,-36.197,-17.595,1
55.332,-31.904,-15.969,1
53.548,-31.485,-12.191,1
54.965,-28.111,-3.674,1
58.947,-22.762,1.81,1
62.424,-18.007,-0.995,1
59.079,-21.232,3.493,1
52.542,-24.929,15.577,1
46.265,-26.576,21.067,1
38.605,-31.255,18.46,1
29.397,-36.556,16.564,1
21.304,-37.628,17.203,1
15.721,-37.154,19.075,1
8.521,-35.543,19.509,1
4.257,-33.075,19.81,1
-1.29,-32.744,19.734,1
-5.824,-33.424,16.978,1
-4.34,-34.08,13.324,1
-5.542,-34.581,9.218,1
-9.713,-34.961,0.788,1
-11.238,-34.913,-5.606,1
-5.168,-37.152,-3.768,1
4.87,-37.918,-11.712,1
17.969,-35.301,-21.488,1
28.36,-29.323,-27.191,1
30.491,-26.869,-39.012,1
39.096,-25.346,-40.407,1
48.273,-24.493,-28.039,1
56.747,-17.617,-18.466,1
55.102,-12.673,-13.706,1
53.146,-10.07,-9.172,1
48.925,-9.132,-1.014,1
50.495,-7.116,5.552,1
52.511,-3.924,15.769,1
50.9,-3.737,17.684,1
49.753,-6.546,22.106,1
46.676,-10.417,21.821,1
39.829,-15.366,22.808,1
36.166,-20.011,26.586,1
30.024,-22.59,24.508,1
23.521,-24.58,15.939,1
17.306,-28.281,11.691,1
9.622,-31.513,17.098,1
3.405,-32.076,21.194,1
2.986,-30.515,16.078,1
4.465,-28.363,9.541,1
3.009,-27.644,6.247,1
-1.338,-27.367,3.96,1
-5.264,-28.3,-1.428,1
-6.694,-27.86,-6.66,1
-3.346,-27.735,-8.018,1
2.277,-28.734,-10.986,1
9.577,-29.643,-14.401,1
14.897,-30.094,-20.049,1
20.145,-28.37,-24.943,1
19.839,-29.715,-24.344,1
22.166,-32.474,-23.145,1
31.557,-30.889,-22.074,1
35.457,-29.821,-18.715,1
35.098,-30.728,-14.259,1
38.907,-28.837,-7.848,1
42.508,-24.41,2.093,1
48.103,-17.121,12.419,1
53.321,-6.893,16.875,1
49.001,-7.872,10.415,1
46.758,-11.473,18.168,1
45.855,-12.417,28.968,1
43.42,-16.621,25.909,1
37.341,-22.631,22.401,1
31.07,-27.537,16.243,1
22.916,-32.627,10.643,1
11.947,-36.975,11.315,1
1.75,-35.411,17.16,1
-0.71,-29.205,18.199,1
0.155,-25.729,11.902,1
1.041,-23.172,8.727,1
2.308,-21.498,6.778,1
4.051,-22.022,5.679,1
5.483,-22.908,3.531,1
9.108,-23.588,0.881,1
9.608,-26.988,-3.011,1
10.085,-32.778,-7.079,1
16.714,-35.782,-10.18,1
26.914,-36.879,-16.371,1
40.288,-30.127,-18.694,1
45.791,-23.27,-16.364,1
46.006,-18.884,-10.723,1
46.329,-16.942,-9.059,1
49.578,-14.219,-9.507,1
51.441,-8.109,8.366,1
46.995,-1.082,20.885,1
41.996,3.689,13.573,1
40.13,6.49,6.795,1
39.266,4.541,12.615,1
33.793,-0.014,28.712,1
30.742,-3.127,27.405,1
29.725,-6.555,19.911,1
28.54,-10.46,17.653,1
26.251,-15.644,19.568,1
22.128,-19.283,22.003,1
18.589,-21.85,20.629,1
16.396,-22.113,22.425,1
15.055,-22.904,21.108,1
12.215,-24.218,19.085,1
9.819,-25.24,13.365,1
5.895,-26.562,6.029,1
3.302,-26.517,2.729,1
4.817,-27.795,1.178,1
4.551,-30.34,-5.602,1
2.365,-34.329,-16.405,1
2.404,-33.467,-26.195,1
5.99,-31.729,-28.769,1
15.227,-32.845,-28.474,1
31.686,-27.738,-24.241,1
38.486,-26.878,-17.161,1
43.056,-29.497,-14.286,1
51.637,-29.32,-4.213,1
58.353,-21.333,6.038,1
51.424,-15.441,10.791,1
40.861,-11.162,11.399,1
37.956,-5.916,11.619,1
42.431,-2.2,15.29,1
42.477,-1.92,17.488,1
36.944,-7.621,17.722,1
33.599,-12.965,23.304,1
30.673,-16.415,25.813,1
24.18,-21.156,23.809,1
15.254,-24.86,23.478,1
8.169,-24.977,26.11,1
3.68,-22.068,22.858,1
2.006,-19.458,16.611,1
4.247,-17.835,13.647,1
6.512,-20.239,13.039,1
4.295,-23.071,10.475,1
2.48,-25.42,4.597,1
-0.72,-26.665,2.16,1
0.122,-25.913,3.041,1
5.088,-26.16,2.401,1
9.742,-28.487,-4.191,1
13.214,-28.834,-18.26,1
15.654,-28.681,-22.96,1
21.817,-27.149,-25.398,1
35.928,-24.86,-22.386,1
54.788,-17.394,-19.455,1
62.421,-6.974,-19.18,1
60.42,0.619,-21.952,1
48.606,-1.566,-17.054,1
39.168,-2.114,-5.31,1
35.845,0.385,4.137,1
34.391,1.759,7.58,1
32.332,0.624,8.787,1
30.003,-0.567,10.087,1
31.317,-2.394,15.098,1
32.933,-5.356,20.212,1
30.762,-11.131,23.064,1
23.268,-17.162,27.192,1
16.104,-17.054,25.36,1
11.174,-15.826,18.541,1
5.468,-16.13,17.955,1
0.938,-15.848,20.703,1
-1.29,-16.089,20.011,1
-2.671,-18.393,15.043,1
-1.127,-20.981,12.46,1
0.39,-24.036,12.912,1
0.285,-25.523,6.369,1
-2.994,-29.189,-4.599,1
-2.504,-36.477,-11.654,1
12.378,-37.779,-13.673,1
28.171,-33.857,-16.029,1
35.373,-34.492,-19.072,1
50.895,-31.217,-17.781,1
69.714,-18.022,-12.492,1
67.682,-8.885,-9.143,1
57.027,-7.056,-5.702,1
53.191,-2.188,-0.368,1
51.669,2.243,4.556,1
49.605,1.673,9.912,1
46.466,-3.395,14.411,1
42.762,-8.045,20.83,1
41.857,-11.61,25.731,1
40.265,-17.097,25.7,1
34.47,-24.309,23.028,1
25.621,-29.957,21.194,1
16.805,-33.108,25.456,1
6.857,-33.484,25.779,1
-1.412,-31.932,23.897,1
-8.602,-30.587,26.234,1
-13.146,-29.682,27.482,1
-15.088,-31.837,20.361,1
-14.621,-33.766,11.66,1
-10.671,-34.844,3.522,1
-6.059,-36.702,-2.056,1
-1.072,-38.229,-7.68,1
5.136,-37.959,-10.395,1
9.848,-37.628,-13.68,1
17.583,-37.37,-15.09,1
29.366,-34.482,-2.999,1
45.235,-31.293,10.906,1
63.623,-19.422,8.768,1
72.025,-0.402,8.356,1
64.042,4.706,5.375,1
58.906,8.52,0.335,1
63.891,13.714,7.64,1
57.946,5.987,10.985,1
47.95,-5.356,9.366,1
44.141,-12.412,7.798,1
42.132,-19.585,6.544,1
35.222,-26.631,3.237,1
27.678,-30.146,-2.015,1
17.009,-30.177,-6.516,1
6.519,-27.264,-10.836,1
-0.871,-24.062,-17.027,1
-6.239,-21.199,-19.01,1
-12.052,-20.047,-18.495,1
-16.015,-18.445,-17.068,1
-15.308,-16.623,-14.336,1
-12.191,-15.017,-8.889,1
-10.601,-14.253,-5.695,1
-10.704,-16.156,-4.845,1
-11.781,-19.693,0.855,1
-8.056,-24.759,7.049,1
2.021,-28.76,19.137,1
14.792,-30.407,39.242,1
25.432,-28.93,52.686,1
28.604,-32.105,43.619,1
33.407,-33.072,30.702,1
37.842,-31.683,25.08,1
35.79,-36.252,22.777,1
34.662,-45.003,14.234,1
39.022,-46.526,1.69,1
45.898,-41.387,-3.775,1
47.91,-33.946,-11.468,1
45.017,-25.98,-18.756,1
43.499,-16.506,-20.698,1
34.183,-11.629,-11.884,1
33.74,-7.966,-9.399,1
33.549,-5.497,-11.786,1
25.612,-7.209,-11.164,1
18.793,-9.361,-7.055,1
14.945,-10.417,-2.226,1
10.839,-12.065,-3.353,1
7.685,-13.207,-3.95,1
4.271,-14.722,-4.16,1
0.601,-16.243,-4.733,1
-2.937,-17.296,-4.34,1
-6.775,-19.195,-5.717,1
-7.998,-19.827,-3.392,1
-7.407,-21.321,4.963,1
-9.646,-25.437,15.134,1
-8.305,-29.95,23.871,1
5.095,-29.189,30.158,1
20.411,-25.152,33.039,1
27.17,-21.204,31.253,1
26.61,-22.451,31.308,1
30.841,-22.59,27.18,1
39.266,-19.662,23.931,1
46.092,-16.288,20.04,1
52.049,-14.322,4.377,1
55.198,-10.884,-8.013,1
55.887,-8.784,-17.31,1
50.146,-6.656,-32.94,1
41.89,-4.582,-34.312,1
34.691,-5.315,-27.907,1
29.296,-7.781,-23.08,1
26.28,-9.235,-18.715,1
23.631,-10.097,-14.394,1
22.942,-11.088,-12.071,1
22.566,-12.615,-9.943,1
22.968,-13.106,-5.616,1
25.77,-14.078,-1.452,1
25.633,-15.606,2.852,1
19.774,-17.164,5.909,1
11.21,-18.23,7.688,1
5.356,-18.151,8.907,1
1.365,-19.07,8.109,1
-0.243,-18.41,9.28,1
-2.461,-17.44,11.631,1
-3.866,-15.852,12.369,1
-5.015,-14.076,11.164,1
-6.571,-11.478,6.321,1
-12.476,-5.89,-6.449,1
-11.801,-8.452,-10.917,1
-8.822,-14.109,-13.278,1
1.25,-22.54,-15.074,1
13.48,-29.713,-13.158,1
23.09,-36.917,-9.346,1
33.498,-35.27,-3.09,1
41.641,-30.745,-4.043,1
46.566,-24.077,-2.439,1
47.622,-19.963,-4.371,1
51.163,-17.299,3.766,1
48.154,-16.915,7.001,1
50.115,-13.257,8.521,1
45.424,-11.54,10.657,1
37.741,-8.907,19.123,1
29.974,-5.071,25.25,1
26.361,-1.963,21.877,1
23.078,-2.691,19.877,1
15.51,-6.531,22.827,1
11.301,-8.442,28.504,1
14.899,-8.746,29.067,1
18.002,-11.344,28.583,1
18.524,-15.431,27.036,1
22.207,-19.03,21.204,1
27.019,-21.702,16.142,1
31.408,-24.455,12.019,1
33.994,-28.782,10.772,1
35.126,-34.264,10.097,1
36.714,-39.965,6.9,1
37.31,-44.646,2.385,1
38.507,-45.714,3.984,1
39.422,-47.074,7.192,1
41.407,-48.089,6.541,1
42.616,-48.4,3.871,1
42.652,-46.133,-1.34,1
42.903,-40.138,-4.055,1
42.202,-38.193,-7.869,1
38.002,-33.233,-16.984,1
34.616,-28.262,-21.086,1
31.566,-23.454,-19.481,1
29.517,-21.608,-22.58,1
27.592,-18.316,-26.76,1
25.94,-16.427,-27.617,1
22.212,-14.969,-27.943,1
18.512,-14.157,-25.608,1
15.989,-15.223,-22.972,1
14.734,-16.966,-17.755,1
13.884,-19.626,-14.899,1
9.031,-23.754,-12.933,1
3.476,-25.305,-10.019,1
2.183,-23.785,-6.971,1
7.427,-22.281,-5.219,1
16.635,-23.232,1.585,1
24.232,-25.334,10.839,1
25.418,-25.664,24.3,1
27.709,-21.261,32.081,1
31.461,-17.351,25.257,1
32.964,-15.615,22.296,1
35.165,-16.219,27.97,1
36.364,-14.99,41.203,1
37.674,-13.425,40.885,1
36.795,-16.161,35.366,1
29.201,-18.814,45.144,1
21.364,-17.354,58.179,1
22.133,-18.017,51.736,1
21.692,-18.505,47.048,1
19.348,-17.828,41.804,1
15.201,-18.776,30.345,1
10.018,-17.339,21.328,1
10.947,-12.467,16.176,1
13.195,-11.234,25.09,1
15.646,-12.132,35.229,1
11.028,-17.107,32.071,1
6.282,-21.527,29.857,1
6.249,-21.699,29.469,1
9.055,-21.879,25.018,1
11.097,-23.773,17.253,1
13.255,-24.656,11.995,1
12.4,-24.122,6.646,1
13.738,-22.188,3.165,1
20.066,-18.805,3.812,1
20.847,-19.954,2.157,1
20.198,-24.436,-2.75,1
16.75,-27.055,-15.277,1
17.801,-23.854,-22.465,1
30.446,-21.089,-19.74,1
39.697,-22.676,-19.22,1
45.537,-25.291,-28.218,1
46.2,-26.797,-29.037,1
44.048,-25.583,-21.449,1
45.453,-18.568,-15.742,1
47.749,-9.675,-13.996,1
47.39,-7.029,-16.891,1
36.024,-9.539,-15.816,1
30.869,-5.717,-9.732,1
28.817,-4.187,-7.148,1
26.404,-3.397,-2.621,1
23.095,-4.424,1.566,1
20.615,-3.242,3.845,1
22.868,-3.407,7.379,1
21.113,-5.794,10.736,1
19.188,-8.337,15.558,1
19.513,-10.472,21.264,1
15.46,-16.087,25.48,1
9.639,-18.919,24.137,1
13.113,-16.068,26.529,1
16.099,-16.925,33.836,1
13.446,-17.816,47.495,1
10.616,-16.492,54.089,1
14.093,-15.412,48.496,1
13.132,-13.721,37.511,1
7.946,-10.698,32.117,1
2.325,-10.772,29.993,1
-4.45,-12.448,33.738,1
-9.938,-15.967,38.917,1
-10.565,-20.337,44.289,1
-4.714,-26.402,43.578,1
-1.795,-32.826,34.772,1
2.55,-31.504,24.551,1
5.528,-29.32,18.082,1
9.048,-25.657,12.747,1
10.389,-23.27,5.581,1
12.955,-21.896,0.256,1
21.036,-17.263,-4.706,1
32.61,-11.476,-7.261,1
43.315,-7.013,-12.097,1
46.423,-6.443,-12.054,1
48.127,-5.394,-6.756,1
52.605,1.594,-6.636,1
47.763,3.471,-7.881,1
36.716,0.658,3.362,1
36.063,4.055,16.829,1
45.491,9.528,15.984,1
46.363,9.145,17.167,1
37.346,2.087,24.398,1
32.821,-3.285,34.937,1
34.676,-7.063,43.547,1
33.695,-16.109,38.811,1
26.545,-23.301,31.31,1
21.275,-27.125,28.693,1
10.738,-30.623,27.3,1
-1.062,-33.568,23.904,1
-0.1,-32.701,24.441,1
-4.972,-32.962,18.187,1
-20.537,-31.628,13.971,1
-31.451,-26.519,22.77,1
-35.669,-26.962,29.964,1
-34.285,-29.462,33.008,1
-21.215,-30.115,26.912,1
-6.236,-27.625,24.623,1
1.499,-25.128,25.736,1
4.178,-20.392,17.629,1
8.907,-14.919,19.465,1
11.976,-17.428,27.007,1
13.944,-25.609,32.081,1
13.08,-33.822,25.592,1
17.26,-36.63,19.054,1
25.825,-38.718,14.078,1
30.687,-40.947,7.535,1
32.962,-41.862,0.594,1
37.528,-36.807,-6.512,1
41.747,-29.114,-10.723,1
40.198,-25.609,-11.549,1
35.706,-25.185,-5.676,1
37.355,-23.042,0.697,1
41.593,-18.34,1.226,1
52.923,-12.678,-3.837,1
52.284,-20.507,0.862,1
43.554,-23.485,12.35,1
32.871,-17.555,18.874,1
24.876,-6.153,5.962,1
21.096,0.442,1.187,1
19.844,-1.719,6.651,1
13.832,-4.48,15.048,1
12.656,-1.642,14.864,1
18.982,0.957,19.734,1
22.283,-0.11,18.532,1
24.316,0.765,14.263,1
21.376,-2.981,16.056,1
14.026,-4.171,48.875,1
17.615,-13.472,47.117,1
8.418,-22.147,40.779,1
-13.912,-29.292,38.761,1
-29.111,-30.582,32.44,1
-26.573,-30.484,27.022,1
-15.699,-36.075,16.341,1
-0.14,-29.306,3.304,1
1.63,-25.293,-1.333,1
8.746,-23.593,-2.056,1
20.473,-19.963,2.583,1
23.964,-15.041,4.614,1
23.105,-10.966,-3.1,1
23.105,-7.98,-4.17,1
25.487,-7.006,-1.967,1
29.474,-6.871,-3.933,1
32.55,-5.737,-16.172,1
31.631,-5.195,-26.319,1
34.437,-0.948,-25.223,1
38.328,3.916,-19.943,1
39.422,2.077,-14.93,1
38.237,-2.461,-11.647,1
36.565,-7.334,-9.658,1
33.549,-7.501,-5.312,1
24.287,-6.651,-0.82,1
14.277,-2.361,7.801,1
15.421,2.848,23.962,1
17.313,6.701,28.588,1
21.788,9.516,30.721,1
19.559,10.192,26.421,1
17.27,4.239,27.934,1
13.551,1.002,20.83,1
5.782,-2.863,16.559,1
-2.58,-8.808,15.022,1
-8.429,-12.982,15.709,1
-12.734,-17.631,16.647,1
-7.165,-19.03,23.821,1
-16.73,-23.485,21.836,1
-32.289,-27.204,20.608,1
-34.448,-27.781,34.892,1
-15.993,-36.24,33.898,1
7.322,-37.013,17.124,1
11.993,-26.177,-0.045,1
7.915,-14.006,-3.231,1
8.31,-11.397,2.126,1
14.38,-9.706,15.378,1
19.389,-11.957,17.593,1
21.568,-15.673,6.357,1
22.592,-20.196,2.078,1
28.959,-26.94,5.507,1
32.543,-31.525,-0.957,1
39.771,-25.746,-12.471,1
44.234,-19.602,-10.658,1
44.828,-17.162,2.052,1
45.407,-17.124,8.133,1
42.776,-17.437,11.552,1
45.206,-11.169,18.786,1
49.291,-9.089,17.356,1
45.826,-12.922,7.683,1
37.15,-10.963,4.506,1
33.154,-3.024,11.497,1
30.958,-0.857,15.115,1
29.227,-1.697,13.786,1
17.852,-5.557,15.934,1
15.594,-4.029,23.11,1
8.703,-8.334,26.301,1
-2.973,-14.083,29.799,1
-9.303,-14.071,14.38,1
-8.444,-23.629,20.538,1
-18.366,-29.186,3.304,1
-36.687,-28.303,-3.557,1
-41.894,-32.215,3.95,1
-17.394,-38.771,12.086,1
4.594,-37.324,2.193,1
15.563,-22.441,-7.218,1
25.571,-6.979,-4.869,1
37.684,3.294,10.156,1
37.854,-2.006,13.494,1
34.813,-12.965,1.307,1
36.654,-11.073,-11.573,1
42.565,1.259,-15.488,1
41.474,9.265,-8.537,1
39.407,9.239,2.148,1
37.262,5.532,10.494,1
35.232,4.754,18.01,1
38.689,6.844,18.814,1
36.233,5.286,11.358,1
29.636,1.9,7.853,1
22.097,-0.984,8.811,1
15.646,-2.322,10.748,1
9.831,-2.511,10.908,1
5.969,1.421,12.438,0
12.567,2.882,5.136,0
12.984,3.069,4.386,0
9.627,3.864,9.678,0
9.496,3.883,10.628,0
9.931,4.141,10.245,0
10.647,3.95,8.768,0
13.755,1.895,4.556,0
13.111,1.048,5.701,0
13.022,0.219,5.955,0
13.748,0.356,4.597,0
14.998,1.481,3.524,0
15.656,2.281,3.23,0
14.859,1.62,3.297,0
15.785,2.566,5.114,0
15.833,2.554,4.401,0
14.83,2.712,2.784,0
14.069,2.8,2.94,0
13.597,3.066,3.201,0
11.792,-5.521,7.824,0
12.259,-5.186,7.731,0
11.492,-5.588,6.002,0
10.02,-6.656,7.216,0
12.39,-5.808,7.504,0
13.14,-4.846,6.852,0
12.385,-5.152,6.752,0
12.055,-5.286,6.227,0
11.21,-4.824,6.802,0
12.886,-3.91,6.52,0
12.785,-3.685,4.207,0
10.276,3.624,12.402,0
9.469,3.911,13.082,0
8.124,3.789,11.895,0
12.072,6.282,4.355,0
13.767,6.998,4.939,0
13.389,6.617,4.317,0
12.668,6.315,6.029,0
13.88,6.844,6.479,0
14.55,7.007,5.009,0
13.786,6.593,5.251,0
13.453,6.627,7.568,0
12.728,6.023,9.493,0
11.093,5.001,9.103,0
6.436,1.18,13.647,0
5.43,1.065,13.609,0
6.903,5.463,10.793,0
7.64,-6.553,9.788,0
6.946,-7.314,9.795,0
7.618,-7.911,9.23,0
8.327,-8.267,9.139,0
8.653,-8.315,9.611,0
9.522,-8.562,9.874,0
9.766,-8.921,9.441,0
9.496,-8.622,9.225,0
9.998,-7.573,10.413,0
9.862,-6.426,10.113,0
9.103,-5.509,9.342,0
8.533,-4.614,10.52,0
8.533,-4.046,10.585,0
11.617,-5.971,5.459,0
11.411,-6.184,5.677,0
11.09,-6.493,5.921,0
10.721,-6.864,5.911,0
10.621,-7.07,6.084,0
10.721,-7.204,6.045,0
10.281,-7.642,5.442,0
7.556,2.698,12.007,0
